{"cameraMode":{"drawMode":0,"name":"Shaded","section":"Shading Mode"},"sceneLighting":true,"audioPlay":false,"sceneViewState":{"m_AlwaysRefresh":false,"showFog":true,"showSkybox":true,"showFlares":true,"showImageEffects":true,"showParticleSystems":true,"showVisualEffectGraphs":true,"m_FxEnabled":true},"in2DMode":false,"pivot":{"x":0.17265017330646516,"y":-3.24825382232666,"z":4.542352676391602},"rotation":{"x":0.29865744709968569,"y":-0.012887824326753617,"z":0.004032867960631847,"w":0.9542819857597351},"size":7.584087371826172,"orthographic":false}