{"cameraMode":{"drawMode":0,"name":"Shaded","section":"Shading Mode"},"sceneLighting":true,"audioPlay":false,"sceneViewState":{"m_AlwaysRefresh":false,"showFog":true,"showSkybox":true,"showFlares":true,"showImageEffects":true,"showParticleSystems":true,"showVisualEffectGraphs":true,"m_FxEnabled":true},"in2DMode":false,"pivot":{"x":-3.7679195404052736,"y":1.8570585250854493,"z":2.309445858001709},"rotation":{"x":0.002976540941745043,"y":-0.9701855182647705,"z":0.24205289781093598,"w":0.011930176056921482},"size":3.783632516860962,"orthographic":false}