{"cameraMode":{"drawMode":0,"name":"Shaded","section":"Shading Mode"},"sceneLighting":true,"audioPlay":false,"sceneViewState":{"m_AlwaysRefresh":false,"showFog":true,"showSkybox":true,"showFlares":true,"showImageEffects":true,"showParticleSystems":true,"showVisualEffectGraphs":true,"m_FxEnabled":true},"in2DMode":false,"pivot":{"x":-8.579216957092286,"y":-10.520343780517579,"z":-1.2891359329223633},"rotation":{"x":0.2211829423904419,"y":-0.12771861255168916,"z":0.029231414198875428,"w":0.966391921043396},"size":17.541181564331056,"orthographic":false}