{"cameraMode":{"drawMode":0,"name":"Shaded","section":"Shading Mode"},"sceneLighting":true,"audioPlay":false,"sceneViewState":{"m_AlwaysRefresh":false,"showFog":true,"showSkybox":true,"showFlares":true,"showImageEffects":true,"showParticleSystems":true,"showVisualEffectGraphs":true,"m_FxEnabled":true},"in2DMode":false,"pivot":{"x":0.5491211414337158,"y":1.2986522912979127,"z":-2.453603982925415},"rotation":{"x":0.25199949741363528,"y":-0.042949847877025607,"z":0.011195705272257328,"w":0.9667229056358337},"size":3.774688959121704,"orthographic":false}