{"cameraMode":{"drawMode":0,"name":"Shaded","section":"Shading Mode"},"sceneLighting":false,"audioPlay":false,"sceneViewState":{"m_AlwaysRefresh":false,"showFog":true,"showSkybox":false,"showFlares":true,"showImageEffects":true,"showParticleSystems":true,"showVisualEffectGraphs":true,"m_FxEnabled":true},"in2DMode":false,"pivot":{"x":-0.011999130249023438,"y":1.0799999237060547,"z":0.020000100135803224},"rotation":{"x":0.43223896622657778,"y":-0.009468495845794678,"z":0.004538584500551224,"w":0.9016997218132019},"size":5.166702747344971,"orthographic":false}