{"cameraMode":{"drawMode":0,"name":"Shaded","section":"Shading Mode"},"sceneLighting":false,"audioPlay":false,"sceneViewState":{"m_AlwaysRefresh":false,"showFog":true,"showSkybox":false,"showFlares":true,"showImageEffects":true,"showParticleSystems":true,"showVisualEffectGraphs":true,"m_FxEnabled":true},"in2DMode":false,"pivot":{"x":-1.0392966270446778,"y":-0.5052173137664795,"z":0.14554262161254884},"rotation":{"x":0.15666665136814118,"y":-0.6088396310806274,"z":0.12424799799919129,"w":0.7676951289176941},"size":1.2362086772918702,"orthographic":false}